target_hedge_ratio,current_hedge_ratio,hedge_adjustment,shares_to_trade,trade_value,timestamp,spot_price,strike,time_to_maturity,risk_free_rate,volatility,option_type,current_hedge,scenario_type,moneyness,confidence
-0.6374590992927551,0.0,-0.6374590992927551,-0.6374590992927551,-62.94615450090615,2026-02-24T12:39:35.832949,98.74540118847362,100.0,0.4452413703502375,0.05,0.2167783132719253,put,0.6560021367270265,standard,0.9874540118847362,1.0
-0.6388575434684753,0.0,-0.6388575434684753,-0.6388575434684753,-66.76517669283889,2026-02-24T12:39:35.832974,104.50714306409915,100.0,0.3493192507310232,0.05,0.2432305830593579,put,0.4351980627406143,standard,1.0450714306409916,1.0
-0.6439246535301208,0.0,-0.6439246535301208,-0.6439246535301208,-65.88633153903204,2026-02-24T12:39:35.832981,102.31993941811405,100.0,0.2323592099410596,0.05,0.2433529710760895,call,0.4502331810559776,standard,1.0231993941811404,1.0
-0.6381075978279114,0.0,-0.6381075978279114,-0.6381075978279114,-64.44030706635426,2026-02-24T12:39:35.832988,100.98658484197036,100.0,0.1254233401144094,0.05,0.2335774684074758,put,0.3375927759363475,standard,1.0098658484197036,1.0
-0.6419712901115417,0.0,-0.6419712901115417,-0.6419712901115417,-61.988867439459256,2026-02-24T12:39:35.832994,96.56018640442436,100.0,0.2243929286862649,0.05,0.1890289770054408,call,0.5313120563984696,standard,0.9656018640442438,1.0
-0.6370733976364136,0.0,-0.6370733976364136,-0.6370733976364136,-61.515772366291756,2026-02-24T12:39:35.833000,96.55994520336202,100.0,0.2300733288106988,0.05,0.2635302495589238,put,0.3143769095186968,standard,0.9655994520336202,1.0
-0.6421465873718262,0.0,-0.6421465873718262,-0.6421465873718262,-61.376907733683865,2026-02-24T12:39:35.833006,95.580836121682,100.0,0.3918424713352256,0.05,0.2120780064971736,call,0.486239207252984,standard,0.95580836121682,1.0
-0.638485848903656,0.0,-0.638485848903656,-0.638485848903656,-66.18656776319939,2026-02-24T12:39:35.833012,103.66176145774936,100.0,0.3550229885420852,0.05,0.1986518510399854,put,0.5170578538830306,standard,1.0366176145774937,1.0
-0.6431065201759338,0.0,-0.6431065201759338,-0.6431065201759338,-64.96092925099063,2026-02-24T12:39:35.833018,101.0111501174321,100.0,0.4548850970305306,0.05,0.1840775141554763,call,0.4146165008513137,standard,1.010111501174321,1.0
-0.6437931656837463,0.0,-0.6437931656837463,-0.6437931656837463,-65.71887360388756,2026-02-24T12:39:35.833024,102.08072577796044,100.0,0.2888859700647797,0.05,0.2390892943188242,call,0.5363333042276043,standard,1.0208072577796046,1.0
-0.6361643671989441,0.0,-0.6361643671989441,-0.6361643671989441,-60.56656610177768,2026-02-24T12:39:35.833031,95.20584494295802,100.0,0.1478376983753206,0.05,0.2477564361842282,put,0.3122000999756197,standard,0.9520584494295804,1.0
-0.6438691020011902,0.0,-0.6438691020011902,-0.6438691020011902,-67.41251454544957,2026-02-24T12:39:35.833036,104.69909852161994,100.0,0.385297914889198,0.05,0.1816587828927856,call,0.3149392754996857,standard,1.0469909852161994,1.0
-0.6438664793968201,0.0,-0.6438664793968201,-0.6438664793968201,-66.52713466701749,2026-02-24T12:39:35.833043,103.3244264080042,100.0,0.404314019446759,0.05,0.2312093058299281,call,0.6290402242638633,standard,1.033244264080042,1.0
-0.6368221640586853,0.0,-0.6368221640586853,-0.6368221640586853,-61.85032810533947,2026-02-24T12:39:35.833049,97.12339110678276,100.0,0.3245108790277985,0.05,0.2026495775197938,put,0.4440762565645051,standard,0.9712339110678276,1.0
-0.6427355408668518,0.0,-0.6427355408668518,-0.6427355408668518,-62.228530068760456,2026-02-24T12:39:35.833055,96.818249672071,100.0,0.4083868719818244,0.05,0.244517279040945,call,0.3508242050607539,standard,0.96818249672071,1.0
-0.6422383189201355,0.0,-0.6422383189201355,-0.6422383189201355,-62.19053433831927,2026-02-24T12:39:35.833061,96.83404509853432,100.0,0.2975182385457563,0.05,0.1974366429004991,call,0.5088973040219217,standard,0.9683404509853432,1.0
-0.643021285533905,0.0,-0.643021285533905,-0.643021285533905,-63.04336450753658,2026-02-24T12:39:35.833067,98.04242242959538,100.0,0.3090931317527976,0.05,0.2490937738102466,call,0.6079974212394443,standard,0.9804242242959538,1.0
-0.6377795338630676,0.0,-0.6377795338630676,-0.6377795338630676,-63.93584484057198,2026-02-24T12:39:35.833073,100.24756431632238,100.0,0.2710164073434198,0.05,0.2186735346300537,put,0.3863284109987372,standard,1.0024756431632238,1.0
-0.6435679793357849,0.0,-0.6435679793357849,-0.6435679793357849,-63.91881786521621,2026-02-24T12:39:35.833079,99.31945018642116,100.0,0.110167650697638,0.05,0.2736729988736734,call,0.5491561903276001,standard,0.9931945018642117,1.0
-0.6366037726402283,0.0,-0.6366037726402283,-0.6366037726402283,-62.33133409435013,2026-02-24T12:39:35.833085,97.91229140198044,100.0,0.1431565707973218,0.05,0.1937520944145993,put,0.3341389859975072,standard,0.9791229140198042,1.0
-0.6436158418655396,0.0,-0.6436158418655396,-0.6436158418655396,-65.08148713657238,2026-02-24T12:39:35.833091,101.1185289472238,100.0,0.1125716742746937,0.05,0.2141066351050258,call,0.320672688467443,standard,1.011185289472238,1.0
-0.6421098113059998,0.0,-0.6421098113059998,-0.6421098113059998,-61.89613583948624,2026-02-24T12:39:35.833097,96.3949386065204,100.0,0.3545641645055122,0.05,0.1913473521240589,call,0.5125418526272592,standard,0.963949386065204,1.0
-0.6431856751441956,0.0,-0.6431856751441956,-0.6431856751441956,-62.98167166877746,2026-02-24T12:39:35.833103,97.92144648535218,100.0,0.2257423924305306,0.05,0.2724693618278563,call,0.5162540486440426,standard,0.9792144648535218,1.0
-0.6377634406089783,0.0,-0.6377634406089783,-0.6377634406089783,-62.924048754721255,2026-02-24T12:39:35.833109,98.66361843293691,100.0,0.3034282764658811,0.05,0.2677339353380981,put,0.5549719605992827,standard,0.9866361843293692,1.0
-0.6429529786109924,0.0,-0.6429529786109924,-0.6429529786109924,-64.0128485161184,2026-02-24T12:39:35.833124,99.56069984217037,100.0,0.4630265895704372,0.05,0.2057941627715155,call,0.5904365334890647,standard,0.9956069984217036,1.0
-0.6440966129302979,0.0,-0.6440966129302979,-0.6440966129302979,-66.2464700012536,2026-02-24T12:39:35.833131,102.85175961393014,100.0,0.1997168916595499,0.05,0.2459984046034179,call,0.6903408317850138,standard,1.0285175961393014,1.0
-0.6372424960136414,0.0,-0.6372424960136414,-0.6372424960136414,-61.8104433146067,2026-02-24T12:39:35.833137,96.9967378215836,100.0,0.2641531692142519,0.05,0.2617222200201216,put,0.5065201393204781,standard,0.969967378215836,1.0
-0.6433184742927551,0.0,-0.6433184742927551,-0.6433184742927551,-64.42342020130211,2026-02-24T12:39:35.833143,100.14234438413612,100.0,0.4022204554172195,0.05,0.2355200811599462,call,0.4291825891764984,standard,1.0014234438413612,1.0
-0.6380448937416077,0.0,-0.6380448937416077,-0.6380448937416077,-64.39413581185836,2026-02-24T12:39:35.833149,100.92414568862044,100.0,0.191519266196649,0.05,0.2329650578356006,put,0.6180744779074814,standard,1.0092414568862045,1.0
-0.6355675458908081,0.0,-0.6355675458908081,-0.6355675458908081,-60.6741406078074,2026-02-24T12:39:35.833155,95.46450412719996,100.0,0.1307919639315172,0.05,0.2041852290900451,put,0.4083329005048297,standard,0.9546450412719998,1.0
-0.6432972550392151,0.0,-0.6432972550392151,-0.6432972550392151,-65.02155858413946,2026-02-24T12:39:35.833161,101.0754485190144,100.0,0.2159005811655072,0.05,0.1893102767805899,call,0.4755885682822544,standard,1.0107544851901438,1.0
-0.6370155215263367,0.0,-0.6370155215263367,-0.6370155215263367,-61.602739680836805,2026-02-24T12:39:35.833167,96.70524123687292,100.0,0.1644885149016017,0.05,0.2697215757953327,put,0.3313825525369063,standard,0.9670524123687292,1.0
-0.6427479982376099,0.0,-0.6427479982376099,-0.6427479982376099,-61.479177644307505,2026-02-24T12:39:35.833173,95.6505159298528,100.0,0.4718790609370292,0.05,0.270041805716333,call,0.310140297366183,standard,0.956505159298528,1.0
-0.6388012170791626,0.0,-0.6388012170791626,-0.6388012170791626,-66.74760798318289,2026-02-24T12:39:35.833180,104.48885537253334,100.0,0.4232481518257668,0.05,0.2433101457273268,put,0.68505936587117,standard,1.0448885537253334,1.0
-0.638751208782196,0.0,-0.638751208782196,-0.638751208782196,-66.84935111796047,2026-02-24T12:39:35.833186,104.6563203307456,100.0,0.3533615026041694,0.05,0.21390297910487,put,0.6343920482048823,standard,1.046563203307456,1.0
-0.6436818242073059,0.0,-0.6436818242073059,-0.6436818242073059,-66.35328009689358,2026-02-24T12:39:35.833192,103.0839734811646,100.0,0.4485842360750871,0.05,0.2149209574612661,call,0.5783896824374792,standard,1.030839734811646,1.0
-0.6375693082809448,0.0,-0.6375693082809448,-0.6375693082809448,-62.51120818773693,2026-02-24T12:39:35.833198,98.0461376917337,100.0,0.4214688307596458,0.05,0.252595567887024,put,0.4635811777657079,standard,0.980461376917337,1.0
-0.6368100047111511,0.0,-0.6368100047111511,-0.6368100047111511,-61.11893624136489,2026-02-24T12:39:35.833204,95.97672114006384,100.0,0.1746280235544143,0.05,0.2697110259952577,put,0.3693177280283383,standard,0.9597672114006384,1.0
-0.6384467482566833,0.0,-0.6384467482566833,-0.6384467482566833,-65.02090459265007,2026-02-24T12:39:35.833210,101.84233026512156,100.0,0.4570235993959911,0.05,0.2687086424265117,put,0.3625748170684344,standard,1.0184233026512155,1.0
-0.6378686428070068,0.0,-0.6378686428070068,-0.6378686428070068,-63.405115804763646,2026-02-24T12:39:35.833216,99.40152493739602,100.0,0.3157368967662602,0.05,0.2579875545857624,put,0.4000971592658381,standard,0.9940152493739602,1.0
-0.6370829939842224,0.0,-0.6370829939842224,-0.6370829939842224,-61.300369268855746,2026-02-24T12:39:35.833239,96.2203823484478,100.0,0.422976062065625,0.05,0.2442031646154288,put,0.5196906658824482,standard,0.962203823484478,1.0
-0.6429136395454407,0.0,-0.6429136395454407,-0.6429136395454407,-64.26035565180189,2026-02-24T12:39:35.833246,99.9517691011127,100.0,0.4584365199693972,0.05,0.1884139964995048,call,0.5858383690800248,standard,0.999517691011127,1.0
-0.635913610458374,0.0,-0.635913610458374,-0.635913610458374,-60.630474279752555,2026-02-24T12:39:35.833253,95.34388521115218,100.0,0.2272013899887455,0.05,0.1961628714094613,put,0.5640789506870925,standard,0.9534388521115218,1.0
-0.6446345448493958,0.0,-0.6446345448493958,-0.6446345448493958,-67.10207519585585,2026-02-24T12:39:35.833258,104.09320402078782,100.0,0.1440207698110707,0.05,0.2698554188527079,call,0.4119735587783771,standard,1.0409320402078783,1.0
-0.6370754837989807,0.0,-0.6370754837989807,-0.6370754837989807,-62.17079478065638,2026-02-24T12:39:35.833264,97.58779981600016,100.0,0.1911740650167767,0.05,0.240642905965959,put,0.6819461122652776,standard,0.9758779981600018,1.0
-0.6433464884757996,0.0,-0.6433464884757996,-0.6433464884757996,-65.38023025696195,2026-02-24T12:39:35.833270,101.62522284353982,100.0,0.2708431154505025,0.05,0.1809197051616629,call,0.5951587666783074,standard,1.016252228435398,1.0
-0.6425369381904602,0.0,-0.6425369381904602,-0.6425369381904602,-63.04386793239915,2026-02-24T12:39:35.833276,98.1171107608941,100.0,0.4272059063689972,0.05,0.1901471542866032,call,0.5217416210045602,standard,0.9811711076089412,1.0
-0.6379836201667786,0.0,-0.6379836201667786,-0.6379836201667786,-63.92639270468389,2026-02-24T12:39:35.833282,100.2006802117781,100.0,0.4442922333025374,0.05,0.2463501769108056,put,0.5446882984937409,standard,1.002006802117781,1.0
-0.6376120448112488,0.0,-0.6376120448112488,-0.6376120448112488,-64.05903484838261,2026-02-24T12:39:35.833288,100.4671027934328,100.0,0.1027808522124762,0.05,0.1805061583846218,put,0.4678400249711159,standard,1.004671027934328,1.0
-0.636641800403595,0.0,-0.636641800403595,-0.636641800403595,-61.657831772125505,2026-02-24T12:39:35.833294,96.84854455525527,100.0,0.3042989210310263,0.05,0.1960808051417498,put,0.3990923958004629,standard,0.9684854455525528,1.0
-0.6442874073982239,0.0,-0.6442874073982239,-0.6442874073982239,-67.45421536358727,2026-02-24T12:39:35.833300,104.6958462776456,100.0,0.2669644012595116,0.05,0.2348733789366586,call,0.4423890714605046,standard,1.046958462776456,1.0
-0.638634443283081,0.0,-0.638634443283081,-0.638634443283081,-65.6205373030694,2026-02-24T12:39:35.833306,102.75132823361116,100.0,0.1888431241882921,0.05,0.2491895197692693,put,0.6031384441857477,standard,1.0275132823361115,1.0
-0.6445257067680359,0.0,-0.6445257067680359,-0.6445257067680359,-67.2852543361582,2026-02-24T12:39:35.833312,104.39498941564187,100.0,0.1479461469334731,0.05,0.24519612595026,call,0.3057573954519023,standard,1.043949894156419,1.0
-0.6440148949623108,0.0,-0.6440148949623108,-0.6440148949623108,-66.94423644237017,2026-02-24T12:39:35.833318,103.94827350427649,100.0,0.2350460685614512,0.05,0.202426930946056,call,0.3464290562027665,standard,1.039482735042765,1.0
-0.6435356736183167,0.0,-0.6435356736183167,-0.6435356736183167,-64.98358864994576,2026-02-24T12:39:35.833324,100.97899978811084,100.0,0.4771638815650076,0.05,0.2512179221347536,call,0.318401056808701,standard,1.0097899978811085,1.0
-0.638733446598053,0.0,-0.638733446598053,-0.638733446598053,-66.56799650147761,2026-02-24T12:39:35.833330,104.21874235023115,100.0,0.2292811728083021,0.05,0.20372490874968,put,0.316291520927588,standard,1.0421874235023116,1.0
-0.6365193724632263,0.0,-0.6365193724632263,-0.6365193724632263,-61.03261230274439,2026-02-24T12:39:35.833336,95.8849250205192,100.0,0.3075162486973464,0.05,0.2125399698159267,put,0.6421842336044028,standard,0.958849250205192,1.0
-0.6428559422492981,0.0,-0.6428559422492981,-0.6428559422492981,-62.33120199053506,2026-02-24T12:39:35.833341,96.95982862419145,100.0,0.3812075835580711,0.05,0.2546491405118024,call,0.5814631437520095,standard,0.9695982862419144,1.0
-0.6423178315162659,0.0,-0.6423178315162659,-0.6423178315162659,-61.310696935429036,2026-02-24T12:39:35.833347,95.4522728891054,100.0,0.2454518409517176,0.05,0.2449632899047215,call,0.48966953163493,standard,0.9545227288910538,1.0
-0.6377248167991638,0.0,-0.6377248167991638,-0.6377248167991638,-62.6585698517727,2026-02-24T12:39:35.833353,98.25330330763263,100.0,0.4887128330883843,0.05,0.2649223410494178,put,0.3391336642604006,standard,0.9825330330763264,1.0
-0.6431217789649963,0.0,-0.6431217789649963,-0.6431217789649963,-63.596237301558595,2026-02-24T12:39:35.833359,98.88677289689484,100.0,0.4849789179768445,0.05,0.2457612892300343,call,0.4966463500467329,standard,0.9888677289689484,1.0
-0.6370997428894043,0.0,-0.6370997428894043,-0.6370997428894043,-62.25323955825779,2026-02-24T12:39:35.833365,97.71349031773896,100.0,0.2007129183301456,0.05,0.2368308603335471,put,0.4893887083122262,standard,0.9771349031773896,1.0
-0.6437328457832336,0.0,-0.6437328457832336,-0.6437328457832336,-66.489475901144,2026-02-24T12:39:35.833371,103.2873750915193,100.0,0.2988994023569542,0.05,0.1893674767828092,call,0.369280747964006,standard,1.0328737509151928,1.0
-0.6372280716896057,0.0,-0.6372280716896057,-0.6372280716896057,-62.809999154890626,2026-02-24T12:39:35.833376,98.5675332669359,100.0,0.2203513239267078,0.05,0.2167715803059433,put,0.4735406596951892,standard,0.9856753326693588,1.0
-0.6425178647041321,0.0,-0.6425178647041321,-0.6425178647041321,-62.84425155975293,2026-02-24T12:39:35.833382,97.8093450968738,100.0,0.213936197750987,0.05,0.2065202367681725,call,0.4594018937589493,standard,0.978093450968738,1.0
-0.6377251744270325,0.0,-0.6377251744270325,-0.6377251744270325,-64.0448011134977,2026-02-24T12:39:35.833389,100.42696083158248,100.0,0.1147547789418131,0.05,0.2043989643379083,put,0.5463400392208866,standard,1.004269608315825,1.0
-0.6429514288902283,0.0,-0.6429514288902283,-0.6429514288902283,-61.9864600626994,2026-02-24T12:39:35.833394,96.40924224974762,100.0,0.3438257335919588,0.05,0.2773010554752446,call,0.5540374603470575,standard,0.9640924224974762,1.0
-0.6384647488594055,0.0,-0.6384647488594055,-0.6384647488594055,-65.77589608017254,2026-02-24T12:39:35.833400,103.0219698075404,100.0,0.3010716092915446,0.05,0.219309772466676,put,0.3181216039088178,standard,1.030219698075404,1.0
-0.6364943385124207,0.0,-0.6364943385124207,-0.6364943385124207,-60.941472785026285,2026-02-24T12:39:35.833406,95.74550643679773,100.0,0.1205915004999957,0.05,0.2692046555177113,put,0.4498450458505885,standard,0.9574550643679772,1.0
-0.6444571614265442,0.0,-0.6444571614265442,-0.6444571614265442,-67.58349387362676,2026-02-24T12:39:35.833413,104.86886936600516,100.0,0.2114585856946446,0.05,0.2431138625997263,call,0.5503439662856946,standard,1.0486886936600517,1.0
-0.6438949704170227,0.0,-0.6438949704170227,-0.6438949704170227,-66.14246741842686,2026-02-24T12:39:35.833418,102.72244769296655,100.0,0.4633063543866614,0.05,0.2594811303541648,call,0.501254503432035,standard,1.0272244769296657,1.0
-0.636783242225647,0.0,-0.636783242225647,-0.636783242225647,-61.759796171120556,2026-02-24T12:39:35.833424,96.98715681534172,100.0,0.1958247562667889,0.05,0.2302637093105192,put,0.6425959364753289,standard,0.9698715681534172,1.0
-0.6419146656990051,0.0,-0.6419146656990051,-0.6419146656990051,-61.01734052107898,2026-02-24T12:39:35.833430,95.05522117123604,100.0,0.1579579488364892,0.05,0.2376903884626359,call,0.563477452647578,standard,0.9505522117123604,1.0
-0.638545572757721,0.0,-0.638545572757721,-0.638545572757721,-65.8689222609287,2026-02-24T12:39:35.833435,103.15461428454834,100.0,0.2957811041110252,0.05,0.2292517693818864,put,0.3651737708325718,standard,1.0315461428454835,1.0
-0.6433665156364441,0.0,-0.6433665156364441,-0.6433665156364441,-65.66750244909491,2026-02-24T12:39:35.833441,102.06857343847616,100.0,0.4942601816442403,0.05,0.1995242987798044,call,0.3282274989601719,standard,1.0206857343847615,1.0
-0.6385290026664734,0.0,-0.6385290026664734,-0.6385290026664734,-65.3151774527742,2026-02-24T12:39:35.833447,102.29007168040988,100.0,0.1968221086046001,0.05,0.2522452115261505,put,0.5569677112825262,standard,1.0229007168040989,1.0
-0.6383124589920044,0.0,-0.6383124589920044,-0.6383124589920044,-65.56279831964763,2026-02-24T12:39:35.833453,102.71270346685944,100.0,0.3688542189623515,0.05,0.2080772362440855,put,0.3106045242166487,standard,1.0271270346685946,1.0
-0.636337399482727,0.0,-0.636337399482727,-0.636337399482727,-60.92322676215982,2026-02-24T12:39:35.833459,95.7404465173409,100.0,0.4046478461314871,0.05,0.1824315966431453,put,0.5343102325093853,standard,0.957404465173409,1.0
-0.637434184551239,0.0,-0.637434184551239,-0.637434184551239,-62.84123062600954,2026-02-24T12:39:35.833465,98.58465728544272,100.0,0.1950550175969598,0.05,0.2445472295907167,put,0.676092096569983,standard,0.9858465728544272,1.0
-0.6365936398506165,0.0,-0.6365936398506165,-0.6365936398506165,-61.214010849300266,2026-02-24T12:39:35.833471,96.1586905952513,100.0,0.3912865394447439,0.05,0.1977110679407049,put,0.5301896711503515,standard,0.9615869059525132,1.0
-0.6394978761672974,0.0,-0.6394978761672974,-0.6394978761672974,-56.83965790823115,2026-02-24T12:39:35.833477,88.88169926206523,100.0,0.141249547534373,0.05,0.2084837714085192,call,0.2888195914405788,out_of_money,0.8888169926206523,1.0
-0.6422560214996338,0.0,-0.6422560214996338,-0.6422560214996338,-58.72331914601259,2026-02-24T12:39:35.833483,91.43288218442352,100.0,0.4610211626718267,0.05,0.2986639578501175,call,0.3087246066953851,out_of_money,0.9143288218442354,1.0
-0.6408699750900269,0.0,-0.6408699750900269,-0.6408699750900269,-57.410753067794595,2026-02-24T12:39:35.833488,89.58252890491516,100.0,0.3021009489791428,0.05,0.237427079575612,call,0.236362319430332,out_of_money,0.8958252890491516,1.0
-0.6413095593452454,0.0,-0.6413095593452454,-0.6413095593452454,-58.010405171621564,2026-02-24T12:39:35.833494,90.45616789315936,100.0,0.4305829864430966,0.05,0.2370642147066891,call,0.2882674240252191,out_of_money,0.9045616789315934,1.0
-0.6424389481544495,0.0,-0.6424389481544495,-0.6424389481544495,-60.655647207876406,2026-02-24T12:39:35.833500,94.41464808776524,100.0,0.2280198404122447,0.05,0.2812799567257502,call,0.2752942935769301,out_of_money,0.9441464808776524,1.0
-0.6417219042778015,0.0,-0.6417219042778015,-0.6417219042778015,-57.02406706337508,2026-02-24T12:39:35.833505,88.86102637800774,100.0,0.4582092913984802,0.05,0.2947248577383858,call,0.3703474031472967,out_of_money,0.8886102637800773,1.0
-0.6427213549613953,0.0,-0.6427213549613953,-0.6427213549613953,-60.80909218728873,2026-02-24T12:39:35.833511,94.61190563823914,100.0,0.2556806714936652,0.05,0.298600106382287,call,0.1136339141024373,out_of_money,0.9461190563823914,1.0
-0.6418436169624329,0.0,-0.6418436169624329,-0.6418436169624329,-60.3676427483302,2026-02-24T12:39:35.833517,94.05350641956063,100.0,0.1043350605921193,0.05,0.2753378185258942,call,0.1842889568776691,out_of_money,0.9405350641956064,1.0
-0.640602171421051,0.0,-0.640602171421051,-0.640602171421051,-55.705426831699484,2026-02-24T12:39:35.833522,86.95791134789296,100.0,0.4621527905677055,0.05,0.2376259585530915,call,0.3851234452229677,out_of_money,0.8695791134789296,1.0
-0.638818085193634,0.0,-0.638818085193634,-0.638818085193634,-54.74262977557502,2026-02-24T12:39:35.833528,85.69361300875165,100.0,0.1365146707144534,0.05,0.2083500716698668,call,0.367079135167275,out_of_money,0.8569361300875166,1.0
-0.6403548121452332,0.0,-0.6403548121452332,-0.6403548121452332,-55.07549581374896,2026-02-24T12:39:35.833534,86.00778001377427,100.0,0.2277254550361659,0.05,0.2777146915927436,call,0.2366970258357139,out_of_money,0.8600778001377427,1.0
-0.640516459941864,0.0,-0.640516459941864,-0.640516459941864,-54.56061288765853,2026-02-24T12:39:35.833540,85.1822182565155,100.0,0.480024786820322,0.05,0.2558404249735805,call,0.286039779340461,out_of_money,0.851822182565155,1.0
-0.6404826641082764,0.0,-0.6404826641082764,-0.6404826641082764,-55.045917240315795,2026-02-24T12:39:35.833549,85.94442960755929,100.0,0.4802428587750225,0.05,0.2424222009246976,call,0.1832143548943398,out_of_money,0.8594442960755928,1.0
-0.6421266794204712,0.0,-0.6421266794204712,-0.6421266794204712,-58.9665364650954,2026-02-24T12:39:35.833555,91.83006773416356,100.0,0.3293751552493145,0.05,0.2906354385094736,call,0.1564363479171284,out_of_money,0.9183006773416356,1.0
-0.6397115588188171,0.0,-0.6397115588188171,-0.6397115588188171,-54.83088451236644,2026-02-24T12:39:35.833561,85.71188648460229,100.0,0.3527348848679197,0.05,0.2111197482306151,call,0.2391095214819946,out_of_money,0.8571188648460228,1.0
-0.6406391859054565,0.0,-0.6406391859054565,-0.6406391859054565,-56.49781368311456,2026-02-24T12:39:35.833567,88.18975630293761,100.0,0.2793782087913279,0.05,0.2492625104290859,call,0.2060056684078158,out_of_money,0.881897563029376,1.0
-0.6411294341087341,0.0,-0.6411294341087341,-0.6411294341087341,-59.91274619938528,2026-02-24T12:39:35.833573,93.44875310969456,100.0,0.2172843086792258,0.05,0.2011353644767419,call,0.2750968335552616,out_of_money,0.9344875310969456,1.0
-0.63974529504776,0.0,-0.63974529504776,-0.63974529504776,-54.52723119299609,2026-02-24T12:39:35.833578,85.23271935735826,100.0,0.2314658181479664,0.05,0.2468660641994126,call,0.1233203910894954,out_of_money,0.8523271935735827,1.0
-0.6414600014686584,0.0,-0.6414600014686584,-0.6414600014686584,-59.74858966521271,2026-02-24T12:39:35.833584,93.14468482588936,100.0,0.3690073824308154,0.05,0.2056303275681837,call,0.39231844229985,out_of_money,0.9314468482588936,1.0
-0.6403123736381531,0.0,-0.6403123736381531,-0.6403123736381531,-56.23130275780704,2026-02-24T12:39:35.833590,87.818547747734,100.0,0.400949811775072,0.05,0.2118817916268072,call,0.3958632233438809,out_of_money,0.87818547747734,1.0
-0.6389703154563904,0.0,-0.6389703154563904,-0.6389703154563904,-67.84692129473359,2026-02-24T12:39:35.833596,106.18164827621656,100.0,0.4166316174903394,0.05,0.2117526246777105,put,0.3094485142059235,out_of_money,1.0618164827621657,1.0
-0.6400588154792786,0.0,-0.6400588154792786,-0.6400588154792786,-71.66570327295794,2026-02-24T12:39:35.833603,111.96737165364152,100.0,0.4158472571178215,0.05,0.2649210302116063,put,0.2608289099032361,out_of_money,1.119673716536415,1.0
-0.6404863595962524,0.0,-0.6404863595962524,-0.6404863595962524,-71.27936090088802,2026-02-24T12:39:35.833610,111.28942846779884,100.0,0.1364824412194761,0.05,0.2746044879265423,put,0.1928582848858983,out_of_money,1.1128942846779883,1.0
-0.6404173970222473,0.0,-0.6404173970222473,-0.6404173970222473,-72.86331011596461,2026-02-24T12:39:35.833616,113.77472013527051,100.0,0.2977681218810326,0.05,0.258336876509716,put,0.3441385059120846,out_of_money,1.1377472013527052,1.0
-0.6407771706581116,0.0,-0.6407771706581116,-0.6407771706581116,-71.9917703559153,2026-02-24T12:39:35.833622,112.35071043803886,100.0,0.1230235040066577,0.05,0.2962172548474542,put,0.3054193517661638,out_of_money,1.1235071043803886,1.0
-0.640204668045044,0.0,-0.640204668045044,-0.640204668045044,-72.36541256790515,2026-02-24T12:39:35.833627,113.03480930384848,100.0,0.3198115529294942,0.05,0.2374870579523704,put,0.1487850818034674,out_of_money,1.1303480930384848,1.0
-0.6394724249839783,0.0,-0.6394724249839783,-0.6394724249839783,-68.94813794383266,2026-02-24T12:39:35.833633,107.82034572571308,100.0,0.2766122005493508,0.05,0.228571208628186,put,0.3732781553481528,out_of_money,1.0782034572571306,1.0
-0.6393832564353943,0.0,-0.6393832564353943,-0.6393832564353943,-68.26976065893929,2026-02-24T12:39:35.833639,106.77439543779722,100.0,0.4550816731033199,0.05,0.286859912818946,put,0.3467611728769507,out_of_money,1.0677439543779723,1.0
-0.6401878595352173,0.0,-0.6401878595352173,-0.6401878595352173,-72.02506976308302,2026-02-24T12:39:35.833645,112.5061475164086,100.0,0.2403660050208315,0.05,0.2223595838519452,put,0.3849399739875773,out_of_money,1.125061475164086,1.0
-0.6407972574234009,0.0,-0.6407972574234009,-0.6407972574234009,-72.45388691062097,2026-02-24T12:39:35.833652,113.06834739267264,100.0,0.1468268065710423,0.05,0.2963222539440611,put,0.317715852516508,out_of_money,1.1306834739267264,1.0
-0.6404335498809814,0.0,-0.6404335498809814,-0.6404335498809814,-73.58904998017161,2026-02-24T12:39:35.833658,114.90505142000671,100.0,0.1571966728211343,0.05,0.2012154474689816,put,0.2840245587807369,out_of_money,1.149050514200067,1.0
-0.6398404836654663,0.0,-0.6398404836654663,-0.6398404836654663,-69.82334572451326,2026-02-24T12:39:35.833665,109.12617676911428,100.0,0.4046042526869889,0.05,0.2969878826707639,put,0.2254729108871856,out_of_money,1.0912617676911427,1.0
-0.6394466161727905,0.0,-0.6394466161727905,-0.6394466161727905,-69.52075175929575,2026-02-24T12:39:35.833672,108.72018085792784,100.0,0.3472872253265044,0.05,0.2043159911950576,put,0.379818545006204,out_of_money,1.0872018085792785,1.0
-0.6407365202903748,0.0,-0.6407365202903748,-0.6407365202903748,-72.25209601823109,2026-02-24T12:39:35.833678,112.76412960741996,100.0,0.1404490704491161,0.05,0.2891143113698071,put,0.3598191668501225,out_of_money,1.1276412960741995,1.0
-0.6399708390235901,0.0,-0.6399708390235901,-0.6399708390235901,-69.37798137345628,2026-02-24T12:39:35.833684,108.40803540253016,100.0,0.1336427224459989,0.05,0.25277011090863,put,0.1135656010318568,out_of_money,1.0840803540253017,1.0
-0.6405683159828186,0.0,-0.6405683159828186,-0.6405683159828186,-73.22180970470143,2026-02-24T12:39:35.833690,114.30757325603564,100.0,0.380387652583648,0.05,0.29929647961193,put,0.1079100923491756,out_of_money,1.1430757325603564,1.0
-0.6403775811195374,0.0,-0.6403775811195374,-0.6403775811195374,-72.73672883382537,2026-02-24T12:39:35.833696,113.58412751843012,100.0,0.1291052025456774,0.05,0.2073796564735399,put,0.2129390100634149,out_of_money,1.1358412751843012,1.0
-0.639629602432251,0.0,-0.639629602432251,-0.639629602432251,-69.90508104714328,2026-02-24T12:39:35.833702,109.28994027375018,100.0,0.4287440237161425,0.05,0.255385428440132,put,0.3431659992345499,out_of_money,1.092899402737502,1.0
-0.6403284668922424,0.0,-0.6403284668922424,-0.6403284668922424,-72.04253022041216,2026-02-24T12:39:35.833708,112.50871067791498,100.0,0.3824968908625985,0.05,0.2969302535619099,put,0.3961828387944833,out_of_money,1.1250871067791497,1.0
-0.6405251622200012,0.0,-0.6405251622200012,-0.6405251622200012,-72.08817900135051,2026-02-24T12:39:35.833714,112.54542874084684,100.0,0.1325395122567599,0.05,0.2523097844170149,put,0.1451250673310584,out_of_money,1.1254542874084683,1.0
-0.6449587941169739,0.0,-0.6449587941169739,-0.6449587941169739,-71.55257167949594,2026-02-24T12:39:35.833720,110.94130715352136,100.0,0.3816319072396894,0.05,0.2168935063072164,call,0.5080284791110905,in_the_money,1.1094130715352135,1.0
-0.645077645778656,0.0,-0.645077645778656,-0.645077645778656,-70.19019457770041,2026-02-24T12:39:35.833725,108.8089085663102,100.0,0.1851856646035643,0.05,0.2278590339031958,call,0.6288316662332714,in_the_money,1.088089085663102,1.0
-0.6457224488258362,0.0,-0.6457224488258362,-0.6457224488258362,-74.06381212779563,2026-02-24T12:39:35.833731,114.69914397814604,100.0,0.1545485902347079,0.05,0.2177010484276746,call,0.5845792027986179,in_the_money,1.1469914397814602,1.0
-0.6456088423728943,0.0,-0.6456088423728943,-0.6456088423728943,-73.22572268021342,2026-02-24T12:39:35.833737,113.42118923135708,100.0,0.1058178662671527,0.05,0.2088702533757055,call,0.6309989408711658,in_the_money,1.134211892313571,1.0
-0.6454406380653381,0.0,-0.6454406380653381,-0.6454406380653381,-73.18218113763295,2026-02-24T12:39:35.833742,113.38328704711138,100.0,0.2402350235226388,0.05,0.2120635871100601,call,0.5479048527277005,in_the_money,1.1338328704711138,1.0
-0.6450161337852478,0.0,-0.6450161337852478,-0.6450161337852478,-70.74984054607647,2026-02-24T12:39:35.833748,109.68693159794972,100.0,0.3359670747418533,0.05,0.2460778768032726,call,0.856210912295958,in_the_money,1.096869315979497,1.0
-0.6449423432350159,0.0,-0.6449423432350159,-0.6449423432350159,-70.39429265824904,2026-02-24T12:39:35.833754,109.14819502337666,100.0,0.2568976180398929,0.05,0.2206333718405792,call,0.7374369814216195,in_the_money,1.0914819502337665,1.0
-0.6447853446006775,0.0,-0.6447853446006775,-0.6447853446006775,-69.46534991398215,2026-02-24T12:39:35.833783,107.73407071930706,100.0,0.2749899688094916,0.05,0.2364269861048075,call,0.7716409276577958,in_the_money,1.0773407071930703,1.0
-0.644277036190033,0.0,-0.644277036190033,-0.644277036190033,-68.01230317891346,2026-02-24T12:39:35.833790,105.56375496650926,100.0,0.4616634777974994,0.05,0.2503417270854857,call,0.8156684954429354,in_the_money,1.0556375496650927,1.0
-0.6458002924919128,0.0,-0.6458002924919128,-0.6458002924919128,-73.39341034674901,2026-02-24T12:39:35.833797,113.64722376255054,100.0,0.2393021868093201,0.05,0.2690394828629365,call,0.6993768795716229,in_the_money,1.1364722376255054,1.0
-0.6452711224555969,0.0,-0.6452711224555969,-0.6452711224555969,-72.9988833239042,2026-02-24T12:39:35.833802,113.12901009130076,100.0,0.3055957956639243,0.05,0.2039312139841099,call,0.5347681152349695,in_the_money,1.1312901009130076,1.0
-0.6457249522209167,0.0,-0.6457249522209167,-0.6457249522209167,-74.25654645136719,2026-02-24T12:39:35.833809,114.9971767328613,100.0,0.4134612050964572,0.05,0.2799410398909042,call,0.7148426167274191,in_the_money,1.149971767328613,1.0
-0.6458703875541687,0.0,-0.6458703875541687,-0.6458703875541687,-74.25337289530454,2026-02-24T12:39:35.833815,114.96636837073903,100.0,0.2586171129285081,0.05,0.2627900389490907,call,0.7347364472083516,in_the_money,1.1496636837073906,1.0
-0.6449192762374878,0.0,-0.6449192762374878,-0.6449192762374878,-71.29861014070222,2026-02-24T12:39:35.833821,110.55431705602628,100.0,0.3488346800911494,0.05,0.2081759031948872,call,0.798175789673732,in_the_money,1.1055431705602627,1.0
-0.6454597115516663,0.0,-0.6454597115516663,-0.6454597115516663,-72.73677366481769,2026-02-24T12:39:35.833827,112.6898741518051,100.0,0.4449454834986981,0.05,0.2873578624106777,call,0.6726638184918717,in_the_money,1.126898741518051,1.0
-0.6456320881843567,0.0,-0.6456320881843567,-0.6456320881843567,-73.89107996964755,2026-02-24T12:39:35.833833,114.44765729882428,100.0,0.4798082494630569,0.05,0.2920872400531813,call,0.5510321211182255,in_the_money,1.144476572988243,1.0
-0.6455363631248474,0.0,-0.6455363631248474,-0.6455363631248474,-73.2661009932731,2026-02-24T12:39:35.833838,113.49647390677411,100.0,0.1588293923716152,0.05,0.2061077959854864,call,0.6135103623194897,in_the_money,1.134964739067741,1.0
-0.6444143652915955,0.0,-0.6444143652915955,-0.6444143652915955,-69.25745505552676,2026-02-24T12:39:35.833844,107.47348101743198,100.0,0.4706350500645978,0.05,0.2276877648147204,call,0.6452329185594541,in_the_money,1.0747348101743197,1.0
-0.645255446434021,0.0,-0.645255446434021,-0.645255446434021,-70.65898244724964,2026-02-24T12:39:35.833850,109.50544135310092,100.0,0.2968465172318153,0.05,0.2806201279793061,call,0.7583668965326404,in_the_money,1.0950544135310094,1.0
-0.6449167728424072,0.0,-0.6449167728424072,-0.6449167728424072,-68.5492318804699,2026-02-24T12:39:35.833855,106.29159415151494,100.0,0.2032977553195833,0.05,0.2748259690383658,call,0.7283113218675648,in_the_money,1.0629159415151497,1.0
-0.636113166809082,0.0,-0.636113166809082,-0.636113166809082,-60.13846338124202,2026-02-24T12:39:35.833861,94.54051027258724,100.0,0.2836543024953045,0.05,0.2184521019356377,put,0.6424386903591385,in_the_money,0.9454051027258724,1.0
-0.6356430649757385,0.0,-0.6356430649757385,-0.6356430649757385,-57.88276754846683,2026-02-24T12:39:35.833867,91.0617463445088,100.0,0.4920130301141908,0.05,0.220934932333671,put,0.8946060995171918,in_the_money,0.910617463445088,1.0
-0.6342847347259521,0.0,-0.6342847347259521,-0.6342847347259521,-55.36444886406355,2026-02-24T12:39:35.833872,87.28642805503463,100.0,0.2970472375971478,0.05,0.2370472102791382,put,0.7423099277427548,in_the_money,0.8728642805503464,1.0
-0.6354267001152039,0.0,-0.6354267001152039,-0.6354267001152039,-58.279435003363695,2026-02-24T12:39:35.833878,91.71700684405856,100.0,0.2315006441150033,0.05,0.2484522985191021,put,0.5948907166943977,in_the_money,0.9171700684405856,1.0
-0.6359056830406189,0.0,-0.6359056830406189,-0.6359056830406189,-57.98269566800335,2026-02-24T12:39:35.833884,91.18128240457897,100.0,0.3533603417266903,0.05,0.2618254771530296,put,0.5407129890481615,in_the_money,0.9118128240457896,1.0
-0.6340572237968445,0.0,-0.6340572237968445,-0.6340572237968445,-56.165820609366136,2026-02-24T12:39:35.833889,88.58162718032841,100.0,0.1960582475112772,0.05,0.2368913639569772,put,0.5611436556737328,in_the_money,0.8858162718032841,1.0
-0.6329994797706604,0.0,-0.6329994797706604,-0.6329994797706604,-54.523774748369874,2026-02-24T12:39:35.833895,86.13557592199629,100.0,0.1303453312434656,0.05,0.2462534716133148,put,0.5983830913538033,in_the_money,0.8613557592199629,1.0
-0.6353177428245544,0.0,-0.6353177428245544,-0.6353177428245544,-58.26863180774204,2026-02-24T12:39:35.833901,91.715731955928,100.0,0.1515518887642597,0.05,0.2747470938133756,put,0.5642725493038223,in_the_money,0.91715731955928,1.0
-0.6336269974708557,0.0,-0.6336269974708557,-0.6336269974708557,-57.15510484786908,2026-02-24T12:39:35.833906,90.20307700903794,100.0,0.151218335583109,0.05,0.2036683202890598,put,0.5746268096205223,in_the_money,0.9020307700903794,1.0
-0.6349868774414062,0.0,-0.6349868774414062,-0.6349868774414062,-58.87800502210735,2026-02-24T12:39:35.833912,92.7231839173564,100.0,0.1607610774049177,0.05,0.2252436944344021,put,0.6140380674775389,in_the_money,0.927231839173564,1.0
-0.6347965598106384,0.0,-0.6347965598106384,-0.6347965598106384,-57.259687594353764,2026-02-24T12:39:35.833919,90.20163501111992,100.0,0.155530869059764,0.05,0.2713349585884552,put,0.569349438117902,in_the_money,0.9020163501111992,1.0
-0.6368158459663391,0.0,-0.6368158459663391,-0.6368158459663391,-59.556173737560975,2026-02-24T12:39:35.833925,93.5218150031854,100.0,0.3563498979212859,0.05,0.2895206837687199,put,0.85870616985057,in_the_money,0.935218150031854,1.0
-0.6347209215164185,0.0,-0.6347209215164185,-0.6347209215164185,-57.454346501877104,2026-02-24T12:39:35.833930,90.51906838774484,100.0,0.1727520337596579,0.05,0.2511677442115666,put,0.5320934982646569,in_the_money,0.9051906838774484,1.0
-0.6351919770240784,0.0,-0.6351919770240784,-0.6351919770240784,-57.55435103832106,2026-02-24T12:39:35.833937,90.60937971535388,100.0,0.2382669133295453,0.05,0.2532113485265315,put,0.7098045558281019,in_the_money,0.9060937971535388,1.0
-0.636171281337738,0.0,-0.636171281337738,-0.636171281337738,-59.651577370632765,2026-02-24T12:39:35.833943,93.76653602658344,100.0,0.4587153639624047,0.05,0.2107172011339776,put,0.6641587307958646,in_the_money,0.9376653602658344,1.0
-0.6348555088043213,0.0,-0.6348555088043213,-0.6348555088043213,-56.52425145159828,2026-02-24T12:39:35.833948,89.03482866212397,100.0,0.2895846561051489,0.05,0.2447412366823454,put,0.8929514467634425,in_the_money,0.8903482866212397,1.0
-0.634583055973053,0.0,-0.634583055973053,-0.634583055973053,-54.78999768988084,2026-02-24T12:39:35.833955,86.3401522845064,100.0,0.3670230954084109,0.05,0.2532617266455023,put,0.5448155608672209,in_the_money,0.863401522845064,1.0
-0.6327917575836182,0.0,-0.6327917575836182,-0.6327917575836182,-53.96943379793033,2026-02-24T12:39:35.833961,85.2878267631334,100.0,0.1689279484806519,0.05,0.2242470503634729,put,0.6591422396182967,in_the_money,0.852878267631334,1.0
-0.6350662708282471,0.0,-0.6350662708282471,-0.6350662708282471,-58.77625502964222,2026-02-24T12:39:35.833967,92.5513725567362,100.0,0.1769156075234683,0.05,0.2269243230949381,put,0.8877881733101476,in_the_money,0.925513725567362,1.0
-0.6342115998268127,0.0,-0.6342115998268127,-0.6342115998268127,-57.84206111479641,2026-02-24T12:39:35.833972,91.20309551353463,100.0,0.1163474465065915,0.05,0.2377284163104622,put,0.8462028503575921,in_the_money,0.9120309551353464,1.0
-0.6461213827133179,0.0,-0.6461213827133179,-0.6461213827133179,-68.70947916936227,2026-02-24T12:39:35.833978,106.3414414189856,100.0,0.3130357730206343,0.05,0.4907510685231556,call,0.3467592162833456,high_volatility,1.063414414189856,1.0
-0.6435130834579468,0.0,-0.6435130834579468,-0.6435130834579468,-61.23545438049943,2026-02-24T12:39:35.833984,95.1580565408988,100.0,0.1207294147289707,0.05,0.377184959924849,call,0.67593284944539,high_volatility,0.951580565408988,1.0
-0.6372790932655334,0.0,-0.6372790932655334,-0.6372790932655334,-59.533180128743524,2026-02-24T12:39:35.833989,93.41775174780132,100.0,0.2346417112775682,0.05,0.3599744401050166,put,0.5510832212285671,high_volatility,0.9341775174780133,1.0
-0.645991325378418,0.0,-0.645991325378418,-0.645991325378418,-66.77797368094313,2026-02-24T12:39:35.833995,103.37286439848862,100.0,0.1537658707755897,0.05,0.4611680973935088,call,0.4339622458628344,high_volatility,1.033728643984886,1.0
-0.6467062830924988,0.0,-0.6467062830924988,-0.6467062830924988,-70.2242313088072,2026-02-24T12:39:35.834001,108.58751978255172,100.0,0.1253499881891071,0.05,0.4361709669769867,call,0.3557088290653549,high_volatility,1.085875197825517,1.0
-0.6452401280403137,0.0,-0.6452401280403137,-0.6452401280403137,-65.25652673115631,2026-02-24T12:39:35.834007,101.1352578602786,100.0,0.4959840929559781,0.05,0.4762743165137408,call,0.6176100757081184,high_volatility,1.011352578602786,1.0
-0.6447656750679016,0.0,-0.6447656750679016,-0.6447656750679016,-65.40003558817993,2026-02-24T12:39:35.834012,101.432253789398,100.0,0.2289415379898892,0.05,0.3709658564939434,call,0.5480291023714053,high_volatility,1.01432253789398,1.0
-0.6445379853248596,0.0,-0.6445379853248596,-0.6445379853248596,-61.61756189845496,2026-02-24T12:39:35.834018,95.59958187320568,100.0,0.423949778341854,0.05,0.4692900967789835,call,0.5133844367905286,high_volatility,0.9559958187320567,1.0
-0.6455379128456116,0.0,-0.6455379128456116,-0.6455379128456116,-68.03314939694845,2026-02-24T12:39:35.834024,105.38985866383874,100.0,0.2018562619055055,0.05,0.3802440980071616,call,0.6575570332203831,high_volatility,1.0538985866383874,1.0
-0.6434326171875,0.0,-0.6434326171875,-0.6434326171875,-60.315936520133555,2026-02-24T12:39:35.834030,93.74087497115046,100.0,0.3726010888895718,0.05,0.3745483914298556,call,0.6154388844898122,high_volatility,0.9374087497115046,1.0
-0.6438884735107422,0.0,-0.6438884735107422,-0.6438884735107422,-62.11822920467582,2026-02-24T12:39:35.834041,96.47358472808487,100.0,0.4040911439558746,0.05,0.3746398696896489,call,0.3606699518931004,high_volatility,0.9647358472808488,1.0
-0.6450027823448181,0.0,-0.6450027823448181,-0.6450027823448181,-63.538404143402815,2026-02-24T12:39:35.834047,98.50872877232834,100.0,0.3382554962431377,0.05,0.4721862080347073,call,0.4246888271182192,high_volatility,0.9850872877232834,1.0
-0.6452054381370544,0.0,-0.6452054381370544,-0.6452054381370544,-64.61874896797529,2026-02-24T12:39:35.834052,100.1522075736891,100.0,0.2886304754200633,0.05,0.44977958310443,call,0.3993956559257863,high_volatility,1.001522075736891,1.0
-0.638362467288971,0.0,-0.638362467288971,-0.638362467288971,-60.54752755359438,2026-02-24T12:39:35.834058,94.8481946483016,100.0,0.2647363656589074,0.05,0.4284598137153679,put,0.5975785170290708,high_volatility,0.948481946483016,1.0
-0.6375070214271545,0.0,-0.6375070214271545,-0.6375070214271545,-58.839817570236754,2026-02-24T12:39:35.834064,92.29673649478408,100.0,0.2395473066171981,0.05,0.4038245726185253,put,0.3134129738943117,high_volatility,0.9229673649478408,1.0
-0.6454032063484192,0.0,-0.6454032063484192,-0.6454032063484192,-65.96821123640647,2026-02-24T12:39:35.834070,102.21240084883266,100.0,0.4718116576991303,0.05,0.4815800811219662,call,0.5279558739485266,high_volatility,1.0221240084883263,1.0
-0.6384950876235962,0.0,-0.6384950876235962,-0.6384950876235962,-61.150341693763345,2026-02-24T12:39:35.834075,95.77261106480512,100.0,0.4322477631150917,0.05,0.4088667661133953,put,0.6049834742962762,high_volatility,0.9577261106480512,1.0
-0.6398104429244995,0.0,-0.6398104429244995,-0.6398104429244995,-65.02058554106596,2026-02-24T12:39:35.834081,101.62476442845224,100.0,0.486010764266605,0.05,0.4724899159207366,put,0.6507062547046998,high_volatility,1.0162476442845223,1.0
-0.6435104012489319,0.0,-0.6435104012489319,-0.6435104012489319,-59.90261636928339,2026-02-24T12:39:35.834087,93.08725430548404,100.0,0.1497188893942179,0.05,0.4158702362855327,call,0.4368326994863629,high_volatility,0.9308725430548406,1.0
-0.6446686387062073,0.0,-0.6446686387062073,-0.6446686387062073,-64.22369617335289,2026-02-24T12:39:35.834093,99.62280203709636,100.0,0.3923469900814577,0.05,0.4065416644137361,call,0.6285029218688052,high_volatility,0.9962280203709636,1.0
-0.6430289149284363,0.0,-0.6430289149284363,-0.6430289149284363,-61.799140975911,2026-02-24T12:39:35.834099,96.10631736955207,100.0,0.0207345982181256,0.05,0.3477261798443501,call,0.3052377826353334,near_expiration,0.9610631736955207,1.0
-0.6455230116844177,0.0,-0.6455230116844177,-0.6455230116844177,-66.78873043609612,2026-02-24T12:39:35.834104,103.46452291734518,100.0,0.0510360882411758,0.05,0.3258347129668901,call,0.5654149488066842,near_expiration,1.0346452291734518,1.0
-0.6352869868278503,0.0,-0.6352869868278503,-0.6352869868278503,-61.16218263012178,2026-02-24T12:39:35.834110,96.27488662331984,100.0,0.0454122075219126,0.05,0.21869940218049,put,0.3712143867479005,near_expiration,0.9627488662331984,1.0
-0.6442882418632507,0.0,-0.6442882418632507,-0.6442882418632507,-63.76705827650636,2026-02-24T12:39:35.834117,98.97287290560368,100.0,0.0528017964804253,0.05,0.3381262823926058,call,0.684428126987782,near_expiration,0.9897287290560368,1.0
-0.6467990279197693,0.0,-0.6467990279197693,-0.6467990279197693,-66.6028063278896,2026-02-24T12:39:35.834122,102.97295365779551,100.0,0.0112677128674588,0.05,0.3304844543093192,call,0.3594650911012451,near_expiration,1.0297295365779553,1.0
-0.6366222500801086,0.0,-0.6366222500801086,-0.6366222500801086,-61.4335214568603,2026-02-24T12:39:35.834128,96.49917427348774,100.0,0.0710486736260906,0.05,0.2778257085689108,put,0.4658496494908095,near_expiration,0.9649917427348774,1.0
-0.6371461749076843,0.0,-0.6371461749076843,-0.6371461749076843,-61.989553111877285,2026-02-24T12:39:35.834134,97.29251395232642,100.0,0.0752482797738528,0.05,0.2886913153617393,put,0.3341398672314575,near_expiration,0.9729251395232642,1.0
-0.644691526889801,0.0,-0.644691526889801,-0.644691526889801,-65.90199616570516,2026-02-24T12:39:35.834140,102.22252568393066,100.0,0.0495593228512446,0.05,0.2598504055805195,call,0.6987497007383789,near_expiration,1.0222252568393069,1.0
-0.6442199945449829,0.0,-0.6442199945449829,-0.6442199945449829,-65.83951881823238,2026-02-24T12:39:35.834146,102.20036536546074,100.0,0.0587655576713824,0.05,0.2082142458233047,call,0.500878004132497,near_expiration,1.022003653654607,1.0
-0.6385254263877869,0.0,-0.6385254263877869,-0.6385254263877869,-64.75380616349578,2026-02-24T12:39:35.834151,101.41147632885296,100.0,0.0745749566824107,0.05,0.2502795862468851,put,0.5381540069280175,near_expiration,1.0141147632885297,1.0
-0.6393353343009949,0.0,-0.6393353343009949,-0.6393353343009949,-65.1735143659048,2026-02-24T12:39:35.834157,101.939484444671,100.0,0.0595067044019379,0.05,0.3204280172897017,put,0.326830590955371,near_expiration,1.01939484444671,1.0
-0.6441258192062378,0.0,-0.6441258192062378,-0.6441258192062378,-64.68778109133778,2026-02-24T12:39:35.834163,100.42724443347596,100.0,0.0206777330039982,0.05,0.2006948034506904,call,0.599984188159671,near_expiration,1.0042724443347597,1.0
-0.6366515755653381,0.0,-0.6366515755653381,-0.6366515755653381,-62.08498235449693,2026-02-24T12:39:35.834168,97.51799058906953,100.0,0.0503401852116769,0.05,0.2500248757536716,put,0.3839622372382343,near_expiration,0.9751799058906953,1.0
-0.6431983709335327,0.0,-0.6431983709335327,-0.6431983709335327,-63.32735623728531,2026-02-24T12:39:35.834174,98.4569599350392,100.0,0.0524700532467999,0.05,0.2597253040386414,call,0.6592217157762854,near_expiration,0.984569599350392,1.0
-0.6426244378089905,0.0,-0.6426244378089905,-0.6426244378089905,-62.21631289852322,2026-02-24T12:39:35.834180,96.81597716801426,100.0,0.039689146991167,0.05,0.2806093404406884,call,0.3820558561928028,near_expiration,0.9681597716801426,1.0
-0.645621120929718,0.0,-0.645621120929718,-0.645621120929718,-67.19915518549769,2026-02-24T12:39:35.834187,104.08450561333628,100.0,0.0615510964937306,0.05,0.337978342461914,call,0.3762750882654666,near_expiration,1.0408450561333629,1.0
-0.6439545750617981,0.0,-0.6439545750617981,-0.6439545750617981,-64.93246278380239,2026-02-24T12:39:35.834193,100.8339179476612,100.0,0.075405691033831,0.05,0.2519518991548942,call,0.3146198671392379,near_expiration,1.008339179476612,1.0
-0.6433042883872986,0.0,-0.6433042883872986,-0.6433042883872986,-63.69260175089511,2026-02-24T12:39:35.834199,99.0085141676364,100.0,0.0747897959034743,0.05,0.2520429802844341,call,0.4888267780439996,near_expiration,0.990085141676364,1.0
-0.6385241150856018,0.0,-0.6385241150856018,-0.6385241150856018,-63.60980940249499,2026-02-24T12:39:35.834204,99.62005803644132,100.0,0.0415587559982892,0.05,0.3106251872164622,put,0.5259364533050466,near_expiration,0.9962005803644132,1.0
-0.6404445171356201,0.0,-0.6404445171356201,-0.6404445171356201,-66.90905333816698,2026-02-24T12:39:35.834210,104.47283339611816,100.0,0.0179266632088528,0.05,0.2678326911334711,put,0.3262834557713409,near_expiration,1.0447283339611817,1.0
